patient_age,pollution_level,crime_rate,star_brightness,robot_sensor_value,target
64,92.21114617671931,5.582834241692485,23.0149734540482,458.84978204577556,0
67,8.94945450329001,4.283785131058563,55.80065398721336,422.75869303077593,0
73,40.59423219682837,9.231590211737403,6.395317398674101,104.7744042491886,1
20,2.4313199710157773,1.050946942489992,19.92901750472745,158.02298629127975,1
23,34.26109843415903,9.825738886809127,60.798666402591465,86.80861614365021,0
79,62.22310588397949,8.754513240932964,66.5561816315728,192.4470136033619,0
23,27.906794822859837,0.7382628156424853,58.518586048650725,852.4443864977455,0
59,20.97499496556351,4.9096638554047445,87.09054018392969,24.522649262932905,1
29,11.570323332709364,7.1755950021252595,99.34711686145195,431.61725028685606,1
39,57.714024402034184,7.381515456910565,76.6223223731382,800.9363887030906,0
41,69.5270005904686,9.064941252379208,47.04408663023212,100.25820452739009,1
70,67.19571405958223,7.99865435582311,83.55953227595616,227.71359015896465,0
56,94.88610207205073,3.109303803440895,12.918352022434162,727.439707558287,1
43,0.27032138935026984,4.984347858624524,68.64379894814705,647.5524325933526,1
26,64.7196653894036,7.017857629358541,52.31544095788996,563.0238367151661,0
44,60.03922370976396,1.3843684136435142,18.62852273931612,171.64081662818077,0
44,58.87396099702882,1.9399079760019733,97.32042811074119,794.5310119658657,0
32,96.27703198402425,4.8104244810987264,34.50530455809601,141.41411188129604,0
78,1.6871673370039697,2.982457987055127,61.92691719037496,134.79789472306425,0
21,69.64824307014501,8.62559249784095,87.98082951497025,795.0350443033543,0
58,81.36786497018635,5.86277321520618,51.162195547567244,369.2233278840753,0
59,50.980719662158414,3.486651977183677,12.398647167466754,312.61711592334683,1
43,33.396486959680914,8.488330256044101,82.0551693503817,278.67205131023644,1
66,79.0840163227405,8.048784485542388,35.968162938821244,324.97210636760144,1
44,9.724292563242464,9.983548770992694,98.32362002029204,340.5875997076052,0
37,44.203563772992524,8.473076883337349,88.49871919801124,696.3676936065397,0
57,51.99523745708382,4.144565348056797,85.49148400154677,240.2622011512725,0
45,69.39564109345476,1.2749888176998847,36.26906457625204,325.32645347390485,1
33,9.088573203240946,8.406409082004778,75.9558480030975,776.2115084700662,1
28,22.775950153786095,0.5975791796039398,98.6465772371573,913.1505733137121,0
29,41.030156269012565,3.5027120734485417,53.1058395831818,612.8359702284323,0
40,62.329467302013065,9.197379807712737,47.60248334056793,105.11822946280702,0
71,88.69607812174175,9.607664734451006,2.45191627623501,541.5846607086229,0
36,61.88261682413765,6.405645935212184,70.3201731047587,627.7788742244063,1
71,13.346147093493443,6.886483169837136,85.98927929158356,314.0526970069475,1
25,98.05801327872824,0.4245448872552249,25.49826142210117,828.0003729268972,0
35,87.17857347554929,5.144803410895479,32.187433134351025,782.0788107571781,1
67,50.2720761145324,5.468681788063412,50.56702511128949,575.30670672029,1
20,92.2347981796633,3.401007461241111,8.135935578790168,145.0155894271119,0
38,54.13807937571357,0.6859683475388434,9.874605133774962,697.3814656840916,1
55,92.33060678891631,2.2890759972439403,42.68996512992,895.3486638415221,0
44,82.98973686033432,3.5798393686119634,26.860676317638745,250.1011097732363,1
69,96.82864102942973,4.3514198651632965,41.19769295074408,958.6858956840082,1
71,91.97828107781584,5.909267255335692,45.984243511893865,771.3023970302836,0
49,3.603381742856948,7.223915186982364,97.6510662771727,300.3215747791124,0
39,17.477200416093996,3.1763187327394613,94.48172219018089,616.8211241115818,1
39,38.913467710118574,3.2895375991898312,14.833285002436844,307.8479320806945,1
34,95.21426972954208,0.19691642723703717,88.3760113994924,99.46787609389406,1
59,30.002891947592957,0.40874860094018306,8.940459570677778,824.1486696206855,1
52,16.046764388760103,2.578216943085364,51.25591150205766,665.8070345090323,1
21,88.630466608656,7.402449976749566,17.22708011086677,614.0006512807219,0
29,44.63944154832029,6.283138303739122,37.22332239033647,142.1728807132334,1
77,90.78755943543261,7.6978902067783475,74.59068233921779,377.37711316979704,0
52,16.023046632014328,7.689194362148218,43.02604245632814,876.6360800049112,0
51,66.11175115080995,8.565674676693012,80.88817746956204,163.3044607769063,1
30,44.02637528294918,7.203192659868836,72.16275539271665,47.90288699711853,1
72,7.648676903028539,9.790109190008229,94.3411051748906,191.1514768901753,0
43,69.64631446525006,8.988252193018173,53.881446038001855,250.180007174864,0
55,24.73987555391537,5.867171662232343,80.41264744479173,783.6425237658834,1
31,3.9615522579517726,5.881576704911717,32.96780352736813,648.1414711893314,0
70,5.994429824957326,0.34267040352229494,35.228838663896596,17.342746806492173,1
75,6.107853706678734,9.985265777083542,40.65053589456904,17.289652741196647,0
48,90.77329574850394,1.3157599736614178,41.68065769551082,566.8964288000554,1
54,73.9883917829101,7.403471966315919,11.222068845931478,633.2924423782888,1
20,89.80623572137351,8.21015195124309,52.39079499385449,125.42188091555396,0
20,67.25823112965213,3.730545293052032,10.583518707633532,610.4621520835592,1
56,52.89399290308832,1.9685205466531375,89.08645144615664,240.35191041954008,1
73,30.444636434737827,0.9875988679055503,7.122633539106019,336.7213424605472,0
25,99.79622513286735,7.486060058295778,45.51974860062157,408.8315803843413,1
58,36.21890589393894,4.526535292056957,29.184712572652618,116.19479623427964,0
60,47.06489492139095,7.1371775900113565,16.33207214979343,963.0936054449551,1
72,37.824517492346175,9.154076488518006,78.59983239337902,973.764453627561,1
37,97.95269293354586,1.4658373615105669,71.77830749303304,445.0016890894074,1
35,17.465838539500577,9.191710007237997,15.448841127969798,257.46647808027467,1
24,32.798800090807966,4.116264595084367,63.643798469524704,958.5944465253112,1
61,68.03486660150016,3.0526700989728903,79.46296156571417,818.0573965471908,0
62,6.320761833863065,9.430622606027791,77.5598898166188,724.228605558232,1
78,60.7249374011541,9.906516926063993,10.135680168672796,461.81178727763927,0
51,47.76465028764161,1.9889221776744814,68.86575918553186,410.57870144117214,0
76,28.39999767621011,6.568383469519833,71.88636816747413,779.3492722768518,0
21,23.8413280924058,1.0649531377106036,86.3544604371607,519.6136777646267,0
21,51.45127432987567,6.509140038575057,51.29638954763368,660.582138820808,0
59,36.792758053704134,8.273132277758497,46.64830603003238,566.192981608412,1
61,45.65198912626553,6.844985465240676,96.54651616702752,712.1854071513629,1
77,33.747738176423994,4.173331420625957,79.8547133181366,94.10500407840094,0
55,97.04936935959776,3.8306635956376955,56.31436808984241,377.6210926357868,0
58,13.343943174560401,3.9312241522341704,33.73109005981667,167.0891885098651,1
75,9.68039531783742,5.897118179929231,84.67856160434756,242.0439000235356,1
31,34.339172879091606,8.815672700724956,46.088202556976064,200.8242765381808,1
66,59.102690087049126,9.290661572687679,10.175834023657902,503.3222993038652,0
38,65.91764718500282,0.5352962020731811,46.03552299863054,18.992988509918707,1
47,39.72567471680421,1.816223946456883,87.32487121886449,963.9676020084441,0
20,99.92779939221711,1.1222431582828851,45.3799325425501,518.9638264095712,0
34,35.18929961930426,1.9333464076691398,2.420565626294662,52.57151420438899,1
55,72.14066679599524,3.466078106091718,61.53704706773049,682.0538403617592,1
73,63.758269453079286,5.065316826226239,99.58717033772847,268.88805009787654,0
32,81.30538632474607,6.2946122700915215,81.90760982001066,106.76759258842982,1
77,97.622566345382,7.321422191397015,62.10655671519664,830.3036859749948,0
62,88.97936564455402,8.90111541385807,91.52548979299061,197.9076029143242,1
40,76.45619743577086,9.890884372297908,81.54458648345513,104.75426885963135,1
31,69.82484778182906,6.628564785571198,50.36529592126401,56.90645260383198,1
24,33.54981696758996,8.45364518667763,59.5308082553308,728.557743534167,1
26,14.768557820670736,7.780388469246989,73.39798811109897,655.271247322768,1
24,6.263600305980976,3.0753203921871197,84.79619023390761,8.199140586074073,1
67,24.190170420148483,8.75692270234923,6.7594638352944285,221.48054044830369,1
72,43.22814811812986,0.42763137947798846,77.70558185895396,704.6820311167495,0
23,52.19962736299825,0.0036734375145786036,45.302840557841996,152.14085470395233,1
32,77.30835540548716,2.7373262938846423,66.41905746985253,576.7507831261646,0
56,95.8740923056593,4.620975296274499,76.69866808492615,213.15646675210732,1
72,11.732048038481102,6.3836289500067736,54.41069057771738,449.2342848107873,1
60,10.700414019379156,1.017702665445448,16.692970207459506,867.423061801781,0
34,58.969472301355076,6.730101338348399,41.54315632030834,302.596427300986,0
35,74.5398073947293,8.018158670596945,8.610426381485597,685.9723899252313,1
40,84.81503803469849,1.853129195793668,69.24076842437111,438.28123278280117,0
55,93.58320802167886,4.151252548317938,95.41691201434526,96.1552543014883,0
78,98.3426242260642,5.199849899533097,79.7300284101945,360.634993651801,0
43,39.98016922245259,4.5180701808448065,39.588855855924756,841.2800663481075,0
35,38.03351835275731,7.9982993088847065,58.84485810454394,973.0462422682282,1
33,14.780867669727238,9.605223981193308,31.115866908840047,845.0816706160052,1
73,68.49344386835594,7.9895316400817995,54.563514355941535,162.22839077355067,1
41,65.67619584408371,0.7799281787582457,30.771963672679384,345.5092984490846,1
68,86.20625958512072,8.049355721591272,74.09415092306239,831.1881586067501,1
69,9.725799478764063,0.6659633223555117,26.674809290715523,553.8959343957655,0
25,49.77769078253418,2.3597038524157,96.43801865295555,776.1857971144082,0
61,58.10819296720631,1.530968968357228,66.53292448517962,777.7832666167901,1
55,24.15570400399184,1.9751910684608542,7.809006920700533,71.0879006301196,1
20,16.902540612916127,5.283151270573506,2.0669985870636216,342.4065656010231,1
51,85.95808364196215,6.7168985761085365,99.70758807630494,479.0215054529672,0
25,5.853492223555879,4.70321282336041,22.83005224336356,945.224721580388,1
50,47.06209039180729,9.596956390292435,31.94371209726058,898.2288010160042,0
20,11.583400130088528,2.4029232003016663,21.632987406008727,423.0319829312198,0
69,45.705876133136734,7.631402302547929,92.88207547464705,95.66592748691505,0
70,97.99623263423094,8.701821785071486,65.5492731071928,404.54228688038177,0
56,42.37063534554728,5.620661107547191,50.93424603205497,535.9033326412807,0
54,85.71249175045673,4.562225019615531,56.207430634764464,904.3971913990313,1
68,11.73155641831939,5.961844467792437,32.46941188261954,294.87926714121704,0
49,27.125207676186413,4.288097701603429,61.8033252340203,308.86414566898736,1
23,40.37927406673345,5.551938823233694,42.54043598203826,627.1832345478409,0
54,39.98121400093307,4.169339521288016,20.72358649599374,505.191555071379,1
62,67.13834786701531,4.00469710294134,66.00390487127827,195.86895905880652,0
33,34.47181273755076,6.953464681395298,38.01021635666199,144.72724884257937,0
68,71.37668684100163,0.9285121306796795,78.721571532599,489.4972098053466,0
59,63.91868992253925,1.6654207272882082,42.124100793443176,779.3909564002804,0
41,39.91611452547731,8.511984717150039,51.318866129573436,778.8312515567875,0
29,43.17601276543193,7.7107734681518805,78.95918143890873,975.8036873205907,0
20,61.45276998103208,2.8145372729439377,45.33993119905338,382.71819815799466,0
30,7.004219014464463,3.772689326657602,96.65589237729229,391.989326810261,1
70,82.24067383556903,9.260265066284806,79.50983805231606,1.8194947805292294,1
63,65.3421161113637,8.180772251738613,82.81661012618288,829.9173651954892,1
78,72.63424644178352,6.143462999796308,95.43812620366904,646.6284440680506,0
43,53.692300108239046,2.2149017880295774,39.49621225547754,769.9221187318909,1
79,11.047711099174473,0.4425197131526959,58.42794615403491,470.62319994480305,0
22,40.50356132969499,4.312578468418982,69.66558233876475,920.1934886408648,1
77,40.53735828485561,6.726271392574619,67.67238987052245,29.113797832714393,0
54,32.10429900432169,8.284804905178515,95.34074266154093,115.28118273788834,0
55,2.995032490474936,8.526890057422694,29.54651475395512,376.01733497150315,0
50,73.72542425964774,0.32775901293363385,29.844791333973205,85.1059081135721,1
79,10.97844580625007,2.441570338368794,91.88243580187552,87.88788196507191,0
23,60.630813304508514,3.3909458847740304,80.1312585309294,566.8726793505451,0
38,70.32174964672157,1.8873221095938586,21.132305782890178,216.1220195699175,0
66,63.47863229336947,8.029753783638379,57.434640931184,626.5352105571295,1
55,95.91422519779749,7.674657630849425,74.8306096755365,929.3998221452582,1
40,10.329815508513862,5.1683304038097075,35.9506026543034,823.8822097031292,1
37,86.71671591051991,9.829264779958555,44.003842870917616,248.43038755380832,0
70,2.9190234848913255,1.4405854109084226,57.964264554428404,89.66292611132299,0
47,53.4916854927084,8.996517033276689,47.243747197272846,950.1924682159203,0
34,40.424361793925875,1.1646325416191616,75.55119661683425,994.4959313733248,0
61,52.41838603937582,1.631817055141207,1.5879366146239033,374.49489946517923,0
78,36.50998770600098,6.962192002506188,44.028619914714,460.677261142561,1
21,19.056691494006806,1.0956969204168931,34.42055615755829,145.33366133006652,0
56,1.912289744868978,5.658450954187108,61.30724123015286,710.1807927776813,0
30,51.814981379117434,4.202335364726536,77.8198857462546,421.8336068528409,1
42,84.27768626848423,7.2847396554101485,8.538371057951492,803.0151452544093,1
63,37.32159557447942,9.006752388088652,16.647913626518047,577.2967114245704,0
60,22.286381801498024,7.698715146690553,66.8430807900613,42.783809166633716,0
31,8.053200347184408,8.496898764211883,74.10184166052628,334.9545405035974,0
22,8.531092311870337,0.3294544853123238,59.2319759308047,808.5961706701537,1
71,22.13964462927722,3.101954982442031,98.29753154782472,688.1138813839268,1
36,10.001406092155518,5.154330866863324,50.446687421550884,632.5319473789154,1
52,26.503969836448206,4.159533146297795,14.492941174666717,672.5046423160782,1
74,6.614946211695472,2.3125495297968843,68.94281497673693,605.0368756235982,0
20,6.560486720992564,3.0787409796002327,60.60547669728501,641.1243265875745,1
58,85.6276179622782,9.454309703916056,59.45172602799608,620.421104640871,1
39,16.212026070883322,2.9418087987135157,55.03950988939342,533.4279395046583,0
66,55.9682405823448,3.5390411017978574,93.97047524540436,757.747125427413,1
62,77.34555444490306,0.037097737500186856,13.786483285829242,369.49256352123194,1
71,45.64095653390666,8.450776272778745,8.246532553972859,475.2383386405016,0
76,15.336887785934572,1.5484070340157663,16.25759976835466,401.4495569196899,0
60,19.959614212011434,2.0414427551372603,25.254030780590096,209.21049112192748,0
33,43.29842062811807,2.552645170920256,59.70168562421045,321.8889624998843,1
50,52.82340891785358,8.846220568448427,61.630099660576704,55.01507760990065,1
44,34.944029204853486,2.064514112463147,24.027585868251343,325.52763392261073,1
22,78.14796002346614,7.975263608679399,49.433324431782815,390.5830929331291,0
23,75.10216488563984,8.080493403229045,48.72412342400575,93.38409764882383,1
50,92.7211807373118,9.270205687863958,45.85796586223727,220.4551297120967,0
54,2.895254902696054,1.1556131360031396,80.55098419635316,249.54174744284097,0
63,89.56912912102034,2.1727897233783136,47.697613917687555,227.4702082086888,1
33,39.2568788462151,7.428982920807213,76.07818409966043,350.22170152394926,1
68,87.83724953799941,1.9600075428073904,17.48163204867501,144.87610506997385,1
60,69.07847761565296,2.8632954687344903,53.66476706324364,731.5013568444494,0
28,98.73487570739682,1.6674158011136264,82.58637283025637,342.6548553177532,1
39,75.9282451716668,1.726966861550493,18.59394180770951,122.36523402169797,1
51,36.45446259967866,4.815533546282057,47.02729470106857,593.5997813267829,0
28,50.10631728347521,1.0968306211295853,61.29885228753596,179.6481751174227,0
46,37.63891551943512,3.216976184636222,19.292682908891443,58.056320677693726,0
22,36.49118360212381,4.26593909598879,75.9197949852289,163.29214202474284,1
76,26.090449938105976,0.24548116523977592,8.820628531835425,419.9948120491419,0
72,49.59702953734696,3.883331664744526,94.69513538186416,693.5089719274358,1
23,68.17399450693613,0.9412243608551696,47.353927927595436,641.5008847712601,0
64,27.734027130524353,4.935785311461767,34.27618555018217,5.205979359825141,0
34,52.437981107721995,8.257381885570963,12.563893709101396,793.290652514086,0
52,11.738029417055717,8.184221621817873,43.82706766371861,335.68777846249407,1
24,15.98452868541913,0.8044851553740051,66.32059890968641,679.7156909555698,0
23,4.680635471218874,6.012277576745202,10.354240635096025,32.67317170693285,1
65,97.07314427706328,8.345863819712365,31.32064042160711,393.7882433723108,1
31,0.3860351510261095,2.3797254293463532,83.7657406944984,19.610501319103022,1
42,17.85799680576563,7.619265114495991,64.9719215342344,816.3455351451153,0
33,61.286675311699234,8.907643464500932,21.430928173904768,186.96718051616435,1
77,8.13695988533053,8.061241514404442,16.930069783515826,674.5479075190917,0
65,88.18965030968323,1.0730103151550452,90.5440175938891,277.0661627261115,0
31,71.96201578422881,0.09059999522384898,29.415001912757454,135.3511143376477,1
76,96.63899714378934,1.9172410992184563,18.770516720964398,930.2953390465766,0
36,50.763554724076485,2.7047734094662323,99.99643783571764,595.0246157866221,1
44,30.04036831584872,6.1618299061595945,31.609990950012683,890.6310472988932,1
49,54.950057279527144,3.842731752423184,13.349278593127005,306.59940165063915,0
41,93.08187172979731,7.034070306614735,46.714005345541764,829.8353336783945,0
66,52.07614372418605,3.530749605216086,44.00016590964973,941.6823334062824,0
45,26.720703186231866,1.544254246546003,92.75344510720278,395.1838267867882,0
36,87.73987891741196,3.126898434860351,14.286289800154169,904.1310511984469,0
77,37.19187485124613,8.84324226389135,10.022504206801377,335.08574267910996,1
74,0.13833499989991394,9.585323442450647,10.20488841976133,324.5999991272911,1
73,24.768502249231595,2.075127340673685,90.5244591164014,995.7326721950958,0
39,31.82335091770624,7.884683870244413,45.48754861814663,952.4104481773524,1
53,85.87774682319022,2.733487365398707,15.910046287367342,228.618345971475,1
60,45.8503167066445,8.871315434314075,59.789179739549766,837.2020270371454,0
52,44.45872878113008,1.6554561279625546,54.224712209432376,342.4578776409021,1
56,33.61022663998874,6.659599186940569,20.642268027141032,979.2433739780269,1
79,88.06781230470796,0.8421126471318252,60.700775803210725,849.8176287600633,1
79,94.50267769403914,9.738933239738696,34.68289219737761,904.9193013125382,1
77,99.18903291546293,7.006333446405428,24.598706005356124,573.6735114895585,1
26,37.674126696098675,8.418157394050853,51.52966047900378,294.1513523211804,1
41,96.61474456271714,5.666693393630346,29.873276890122373,197.52500637671,1
51,79.18795696309013,4.768013639288602,22.991852254360108,527.8719205461331,1
33,67.56891476442668,6.218823913943651,88.09251842166775,671.5157252329823,1
27,24.488947942009943,5.287415116994481,16.420495080768312,741.7886351237006,1
76,21.64572609442098,4.69384355145153,28.778407751198415,170.38321256296285,1
44,16.604782452124567,7.594502514576428,39.22769960513274,535.8879925710621,1
35,92.27566102253654,1.7820095493926813,28.090192719702262,436.109820095218,0
61,29.407666238316608,1.7117204815515852,21.86035361519919,208.22421097781196,0
38,45.30942454488785,4.318426506497062,77.34346360840422,552.962317358824,0
60,49.39578339872235,3.20747916044946,33.57259971363457,275.91372180645743,1
74,77.81715954502542,0.741245179130241,12.138782812234506,535.0545571095502,1
35,84.42349615530242,8.444704924187343,54.54862108321288,200.1093449008773,0
31,13.90727011486128,7.7160280669434975,13.423361226404621,899.9425369158051,1
58,42.69043602110737,5.439214998029848,36.394441136651864,338.10282491959055,1
67,84.28548878354572,9.793245372643689,88.3008494649561,610.3346026577931,0
49,81.80333057558384,0.7260006654760531,37.54695831551575,121.9329874198959,1
77,10.24137584524164,7.66669301027875,63.618388454536756,630.0171925284673,1
21,15.6383348867963,2.6637039160909683,51.947928064854494,272.0403392914084,1
51,30.41986915994078,3.6859891994357543,14.634759732019585,956.5315903711672,1
74,7.5359069083340335,2.1927938520306753,65.25789018129268,394.15426604133086,1
64,42.46630028405929,7.890378914618652,85.74746469644681,607.406556711858,0
44,10.76177051495819,1.44240102021566,10.228034930489061,215.81336566329634,1
44,56.8217593669845,8.40016697735278,75.61432882384936,861.4762028764001,1
23,24.65569398111561,6.6157764822983385,69.33091687037884,804.3329181204663,1
38,59.64330653496227,0.5902324526911473,86.79939692471744,245.63531227577153,1
67,11.752564290363765,8.109817316001534,11.305101281213235,911.0485080061057,1
23,97.58838684185334,6.277557161629794,31.2638425602712,40.15502203412768,1
62,93.25612038573404,9.049823195783414,69.73485723541104,752.5731205167398,1
32,39.17969385646658,7.487223064086383,3.1797799097783743,457.8687853426443,0
58,24.217859412608544,5.611209274297748,73.67349209531838,835.459394476964,1
55,25.039821285357277,8.365471806191977,85.93987932111098,465.485967436008,0
42,48.3393535202392,2.7805023830122213,45.877101185299,65.58209567040296,0
25,3.9992801900716968,5.469500618445636,43.99866043923856,226.54553229584695,0
43,63.9705106075127,2.9361681980341015,28.568427244867234,994.3748347169385,0
63,40.83029083397448,9.682043910905087,1.5001351305036459,334.1776027693687,0
52,37.74065725888873,2.2619630084200635,19.444048149969248,160.30521702543288,1
31,80.93649714891984,0.15738239670462506,98.00654772381475,805.8308258054889,1
60,70.903546018329,3.258548420037962,86.8613216350143,45.069827390500805,0
40,95.4333815392692,5.025093969698046,27.383959236143216,66.40875146876257,1
30,35.193624049569074,0.28362934230075076,96.4111368549836,297.5187794543661,0
74,89.75427646494055,5.592483000339073,37.4035489793753,47.40097463539672,0
63,76.99671862500888,8.742827749512301,30.46095210036683,995.7126838923056,0
57,35.7424651594713,7.047321944166701,16.127955909538635,691.1288860821326,1
48,62.16654364532578,6.229683229783043,90.25949588155673,519.5864408573572,1
67,28.856995765169557,9.559617507082512,98.71225661561907,805.1663899562636,0
60,87.43999170748424,9.582793338421059,33.41372900121556,662.4868006119336,0
22,11.242731721231126,8.242664697032286,70.63961191248426,173.26495367589456,1
47,21.243436129404103,6.07741847385851,34.19503757114591,219.6337996488893,0
39,18.303329207992114,4.877645594977067,11.394083191240066,867.6942857212915,0
45,40.302600240428866,0.1331611324646731,39.876538381350066,336.9613267738214,0
43,74.52329600321292,6.062619062265414,55.60542611535643,447.6403426248784,0
73,52.69074490521803,9.890880753568537,13.17865915847293,391.13571212334654,1
71,48.76763235382076,8.18101050024029,82.00900470418635,52.029812005042416,0
66,0.05459648969956543,3.4060464388435197,50.23894857243566,704.5737172836195,1
40,42.54017253550547,1.5204702504442202,24.203912297952723,540.0740807862156,0
73,6.355377483615843,7.840586144671541,59.683198275751394,676.1400818139302,1
49,20.825325212148382,7.439378206317415,79.53267129938581,278.23138966714333,0
23,93.23939389604944,9.67046791979323,33.43481055614561,406.9139083269768,1
55,21.53982043432382,8.748423619393389,70.44615611565884,192.64976227164797,0
59,85.83376386342624,5.556626252724074,43.35805881808805,419.68263143719776,0
29,80.28933715613343,1.0128424696474214,96.44106571571449,653.4914117970338,0
29,15.914623694224284,4.835006583839601,77.32306857367043,944.689043192468,1
61,60.571195727027884,3.13695054022317,36.27873934968007,663.4571998860077,0
43,11.566187190501331,5.124084820248398,2.7570479471144456,525.1597299929988,1
23,72.78881583695114,3.017015746396532,66.09446964266238,416.36722249816137,0
66,63.746227737220664,8.618229919755958,20.58934369990038,105.54968426098033,1
46,81.19385616910193,8.443270139828222,13.066038389264143,477.0742969319903,1
70,47.93845493891881,3.154651571670559,93.24586868828258,155.1080931606438,1
64,91.48630878333829,5.99581346373995,99.99494805127676,582.1871830790901,0
23,4.934894678843971,4.301808576390541,27.718993235874127,730.2470776105839,1
51,29.288856502701467,9.090927570285633,30.87508666442786,946.4956116881924,0
29,71.5052597465167,1.8736090142632278,17.3339049845787,296.8528676879666,1
30,41.810921174800086,6.977284017849593,46.31079281703275,396.905538757533,0
47,17.29513542711564,9.703753278372165,86.718532223739,182.95193952533228,1
65,10.721074542854602,1.7527551956309018,70.4490892603629,877.9405098804326,1
27,81.73391114616214,2.0196642842420323,84.78682424958218,824.0772244494228,1
59,47.31429784656442,6.937233386722279,23.61968391168447,774.9598946732359,1
41,88.22836719191073,7.791539245249139,73.31515067343953,57.29003854990133,0
53,73.3289134316726,4.905490547939327,91.93413621120996,556.7194419749217,1
64,40.97262056307436,6.096864651471213,28.86019530722465,235.01356203546908,0
54,37.351101415568365,2.126824088118288,69.37470081552733,119.68519672230693,1
54,51.56383466512517,4.7661422856732605,40.66508375729559,781.6131001833894,0
44,88.90599531897287,1.1207188087491515,29.73243787073334,211.58137510768194,0
53,73.72785797141678,3.214219252756647,96.9927234066806,500.8116982476696,0
25,0.515296426902323,2.847797050309543,35.514689766860975,526.0963484005407,1
60,69.41578513691256,4.446253601024201,11.677118444808041,213.28200403897156,1
56,91.95074069058207,9.30126362243697,39.47033175241322,492.2611663223823,0
20,71.04557595044916,1.812676621478424,45.32015080503825,52.81989759999695,1
31,17.700578156749593,4.013882466247205,75.46887172442455,0.072449638492178,0
54,48.35181274274587,6.155972191096447,95.04151242775328,880.3219316643703,0
25,14.031601792341942,9.465570860740018,81.88864139562705,415.5887020861522,1
73,35.899527833963205,1.3314819153576818,93.1631898142555,907.4197989533556,1
36,93.71170419405178,9.178766169931135,48.030952867518174,496.30735972825954,0
28,92.33053075587083,0.8105378863406154,72.21234025540699,431.1082945881648,0
21,28.28368521760829,4.807413971602644,31.59590891622784,295.91214065860726,1
37,33.96310441661991,4.545898672304828,7.889123743382777,81.68893759303874,1
68,60.02128681312939,2.0960272887719555,37.18187900727336,309.69464926452184,0
55,96.319729526038,3.474596681158475,70.09360760450147,608.4702651738417,0
76,14.780133406539042,4.541652683483981,28.18758891455633,762.7863472229892,1
47,25.69166436866691,8.652114629106292,86.27918366851057,540.8255176538437,1
60,87.35568272907715,9.550641453735597,79.28651214830728,758.2558436964189,1
72,49.18922317083445,5.1892567863716526,20.21021236927569,157.75159165898745,0
56,89.89610922270317,8.700997902944218,33.75283948658986,583.2399316791738,0
68,18.551789752317628,6.0817158567677945,82.70495913736008,882.6032270257103,0
45,53.26685874713607,3.4908734198767544,25.149841161618642,217.96020764080336,1
23,32.62696326493724,1.9419420761346906,33.82861242104593,227.6689383929903,0
59,31.654255989247602,4.131347717827648,34.96362630988558,748.4325130680506,1
55,44.68769639461991,5.228242829238478,80.3031607547509,812.0567848487955,1
70,43.30774491012684,0.4444338825955618,4.66599629489666,248.04632969409923,1
50,35.734687967795445,1.4584116587085072,8.304911329020015,331.56980418777783,1
49,91.49707703156186,6.0018442398144,58.26670326813082,631.7694004506118,0
69,73.17441854328928,2.2500159467716205,40.3140871086106,398.4317131891898,0
53,72.75469913315297,8.373263760812975,63.65564664146005,624.0109701292529,0
38,28.99134495919554,3.269422497741906,27.379666341758902,496.4300320967251,0
37,57.770942431684034,1.0483420725325088,91.04868507067451,773.651309078725,1
49,77.9179433301834,0.8353058855531703,76.33324683027115,845.8886469133242,1
40,79.5590368543213,9.371230205317797,7.706875834489207,863.8272093051601,0
22,34.453046075431224,1.1802031124187917,78.60664225121837,611.5250777298431,0
25,77.08727565686479,1.4090976416206002,96.98865485891288,612.5841045192503,0
57,73.5893896807733,8.62666057932753,94.30112643815983,449.6468988194058,0
32,14.150648562190026,2.5428813027734396,73.81289600451933,27.61404496330544,0
64,86.59454685664772,6.659514107544161,13.235781594640343,299.18021946326246,1
73,44.13214701804108,8.167256870298914,58.03159981820495,63.6977185007408,1
22,48.641044888866546,6.071806401301921,29.139040155208388,437.7852488597531,1
67,44.836917889799736,9.574885434478494,97.05108141998848,849.4852489826143,1
47,56.78460014775075,7.088828992608414,72.03108681079932,596.8020177048212,0
41,62.11692473670547,1.1275150990365834,61.4657933889545,675.5325982695571,0
59,49.81795657629434,5.584100265458799,69.81371621786789,188.00797177707494,0
59,86.67885432590955,7.181865260891839,44.35993378185837,261.95314970279424,1
31,62.77347561952844,8.019572403734452,37.900938392323056,163.13215297289452,0
42,40.14279493055199,0.2632133528409153,93.64415836455645,842.6887622604306,0
50,41.6691756908711,7.188789152714245,33.860786344475976,280.3130129874926,1
37,81.08386151289514,8.256808210194496,5.102177041539212,562.3263097012292,1
26,34.81919427465201,7.4683381093535655,40.68317526129128,141.12861301900847,0
27,21.145479578241357,5.123491456555981,79.24369490954555,123.98890832731169,1
38,5.938318800578923,4.580209630888029,65.19836744684302,347.58336321601746,1
48,87.60268479205742,5.494185832998158,96.2549067723096,330.3531580600173,0
63,91.854645119035,7.04643698826602,11.513984894294627,328.85323381140785,0
39,12.012018216347597,9.229142906324855,91.24308392070895,600.9327870197561,1
69,33.447374149611484,6.17035210641125,37.51607019749215,315.99015604044445,1
61,17.537206951524386,8.878343062834697,47.92625595676932,768.7358689747713,0
49,11.589846882587974,7.012568474457273,43.41973329443421,90.67076824664133,1
66,89.98667430000302,0.6833637743884757,12.528775828151701,324.7858577376286,0
41,5.687725914535546,5.008281900016218,25.531849116793683,669.1931285020627,1
29,98.04856634690069,2.8648634831524236,74.4848853537494,602.93211047753,0
45,9.645086069738419,2.8517492813257226,3.277746642723825,119.51561836705538,0
70,86.34706491935857,3.559275512159842,14.254889664241178,439.4734931348375,1
52,56.65061069891627,3.147327720004758,3.495806710343657,309.22146287453666,0
47,36.791748781787334,5.786099801171002,85.88141767503137,631.8704323147725,0
29,34.23423766251579,6.836015003535571,62.11515795039619,129.8702795728036,0
48,75.73641432377087,2.6874938707673546,17.822937549737325,670.5659229837077,1
63,31.45732950042872,1.2976262256838134,77.10845008232161,463.83253126978974,0
37,65.73189166171419,0.588087209344621,96.71325914770382,274.889987919257,1
61,51.732608351608015,5.757528450305522,93.5214770784718,747.4439936640761,0
78,48.49656451580705,1.861301663330024,92.23320723340437,187.9098553132461,1
20,90.11621706491616,0.09247994223699374,1.7732113251685795,152.23793856305178,0
42,55.46450586202596,9.277530793237041,59.31233540954257,15.355936564545814,1
36,82.68616030486949,5.371404190832406,26.406629047263895,861.300356312702,1
62,72.55735341014893,0.9244818024697277,56.90007421667602,492.3655407134377,0
56,3.855724605899835,8.429211121274854,32.48499862689491,516.7156093215455,0
50,77.31100525054192,9.832027382901181,16.21298773448865,114.76261670583531,1
44,21.687025009104065,4.4860066201771716,45.004878612476325,107.77613604762738,1
72,90.31496468515715,0.4248960823815817,50.01453639046097,333.7834048947029,1
23,4.292419060883201,1.175459407560635,98.98678517791483,516.2306440186114,1
71,33.307203447431874,3.8165374664543217,5.196400529715471,700.8722190433496,1
28,9.973294723475401,8.85522637448877,30.814364690830384,499.2703565129284,0
76,47.55891170848437,1.4803867927776204,85.33749066374395,831.5584310390406,1
47,82.00224358697518,8.239900940026955,66.30985431447823,377.39233174698904,0
49,29.81873596630641,0.14976260219019433,82.84162015274369,28.087991954701465,0
79,15.09348973110416,4.57388698785811,66.368800937418,426.15227502611276,0
66,33.02670356968992,6.443971409505681,76.19409460546716,85.00262931736602,1
43,81.3880141920636,0.603794820255964,49.79925324970867,322.0544273636916,1
52,14.038395779934687,6.147627506164866,21.282891596862154,985.1546831184074,1
39,22.73624490775018,9.444041214695561,81.19038222288279,857.3542571210432,1
28,6.8851964493373945,1.6025992013659507,57.21424481173295,236.45571315893898,1
27,70.57100439896077,7.296113830353528,14.81101418489614,375.9624313127088,0
43,39.52332435363368,6.090938979435434,80.68450866021574,431.16513094431076,1
33,31.083997714331602,1.8511638887923054,95.90000512589525,763.8683777001858,1
78,71.86263903411519,0.062034147093660286,35.27022339021811,33.45712782056509,0
37,33.59775423402552,0.09284450505927078,30.057712956557907,38.62277002790337,1
76,72.77712732144181,5.320924091720286,9.095742642549041,117.11786752871545,1
72,81.51993953143135,9.427794095611935,66.78463141849214,628.3249825850742,1
75,21.766284345773844,6.442986274656124,95.93720023115318,414.5466172444473,0
20,97.38186968459833,7.142998462937436,14.463276309169155,848.9256287623339,0
31,16.235794791266677,4.938654869205371,49.03080350061224,284.0578902278372,1
48,29.084090665674257,5.818889426345698,10.725580280671537,489.25202980943374,1
56,17.979529083354162,1.2636752533060347,4.376880467271766,706.7857215297443,1
45,34.55056563563345,8.768206204006308,66.7856040160969,545.2011971650093,1
52,48.006088782075565,7.607926286668018,86.9010303590063,316.7999777569593,0
62,52.21758690021191,9.981989528446096,34.41948307647694,152.5427686133508,1
34,85.3606042296272,2.9772294755562134,87.70075226659982,540.603418624412,0
42,88.94479088158666,2.2701777179605784,12.588256815952159,142.15650226214825,0
48,22.010386078090637,1.2516165796134293,24.558107509830144,939.3044596914456,0
40,62.289403218575245,9.642097566160448,90.25906596376514,539.8906106106404,0
38,11.14960572987156,7.808851846280236,51.34247947537635,174.91530485692618,0
24,45.89698601820683,1.663246137196387,61.21104599590539,720.6425469169075,1
42,32.23335380466181,5.526864711082139,4.763805021708283,103.54719431977222,0
55,31.65007454536064,4.137682080672768,13.710601104641004,771.6447899740201,0
78,48.2584241712101,1.5148600780619281,6.523290437584463,457.28911107904366,0
39,72.98276355292676,1.6207298502996548,90.59507325501725,132.66195551253202,1
27,6.91826587923895,9.634699947451857,14.344701423223755,37.21103630880152,1
28,87.91733376874045,3.0496418295772223,85.1176098342667,993.3779936899051,0
33,73.4813774630561,9.414392916839432,35.75243523787286,274.3682900876313,0
25,17.649938888906014,0.756106730650844,80.25915214021222,952.2486220717061,0
20,93.91609090873703,4.608030422931906,37.13931119821799,501.8363367370508,0
28,50.631222402338864,1.296190485167601,27.50071992959477,503.0153839254815,1
35,99.98085781169654,0.04787385241172171,10.272409417716666,91.0697183721334,1
35,19.725947430073766,5.537660737060765,28.78995246683924,950.705818837975,0
73,53.490819838320135,1.1389410481136342,47.67649195501072,732.8958645500868,1
31,29.02480425599284,7.220245309336796,81.93337109078276,518.7278381595512,0
24,30.417355738924655,6.9811637570689955,45.79898052210109,120.25713907388602,0
59,59.106538083399016,1.7633290746448915,97.17212191882413,175.67656948828548,0
48,92.17190668708332,9.417421432655166,54.62166807462747,432.16660514178375,1
65,80.52638555791751,7.210434084324896,3.4696173513329,362.2588207322169,1
46,72.39413985013259,2.9797026415692995,42.12136271893597,558.1380068713328,0
30,55.91737821017022,7.092337639507907,69.20101163126486,76.34397475720877,1
72,92.22985036674477,7.319302776815359,24.194872978732654,40.34601931833981,1
66,49.236140669088414,3.422263312509606,70.1643651339677,511.1030866900542,1
69,87.38321783347182,3.755885624614592,50.86603321297011,28.501380929072283,1
47,83.39816438766317,3.5910650765330008,3.5480397827284142,59.551954010176104,0
71,21.383534680158654,6.166184435520741,77.66094199854037,376.34145819040634,1
55,77.12254629659103,9.004101465401794,56.47699667759344,61.779069734801965,0
61,1.2171156943258765,1.7319323622858762,9.166856805028244,385.46962661635007,0
38,32.28295375480875,8.751996098363184,48.04618931276502,241.75051590943642,0
73,22.95674446919498,0.276531565053425,29.44199529569992,187.77029710908766,0
54,50.68629584873135,6.603385959782225,88.08847271620537,404.67983148626286,0
71,73.68531616807856,4.144388731896942,29.207778227917625,119.90390563125708,1
50,9.767636744772412,7.912815522324937,94.22702002644569,349.6393671192708,0
73,51.49222019367684,7.21198112930903,55.06714218536414,434.8736293666029,0
78,93.84120216943856,4.8010780714518395,33.03775724512541,830.0029469601379,0
63,22.864655098294552,6.438640367225967,81.54095672434016,932.8061824822222,1
75,67.71411441114242,5.017731306999452,70.04263745821082,308.33843446623257,0
38,59.28802707811576,8.115184706218832,41.982287073892074,292.6420497404363,0
65,1.006369565609333,4.76083985968232,63.33221196795272,566.5182742712182,1
43,47.58261958572228,5.231559899920758,78.07984213879985,137.41442640032386,0
21,70.87703909410486,2.505205864171786,85.30422163406544,349.7121847280574,0
26,4.39754320240906,6.0504301681047234,81.8248586576923,53.216379161907355,0
62,87.95214830237302,3.0290480866983502,17.44163177074838,379.0681437821276,1
73,52.00814166356731,5.772840145429821,83.01056569785497,114.15134572311048,1
68,3.066104832571792,1.6967811557406987,6.80427682949344,561.812911802296,0
50,22.44136119208402,1.594690923411588,20.81689747350629,641.5937343956617,0
79,95.3675696427313,4.170297411919935,62.66974528653292,987.0915366766958,1
36,58.23197330520553,4.268195151105409,12.354560019243529,195.13866225944,1
46,10.747256776880453,2.6810926491253904,60.73141191056381,207.2021488024639,0
55,28.75445022805615,1.3159685036669,31.488603444992815,947.4195185897652,0
78,45.67036258604842,0.39210539213897055,43.51719193031018,864.6408384568184,1
69,2.0950069267730465,0.25231827287816144,32.19999884110233,616.0540494372189,0
62,41.16155136137588,2.715502900064757,7.947183218625543,841.407236750209,1
29,48.94586354346981,4.618534421619371,50.575116539274134,209.69214472148846,1
64,24.36778752812322,7.26243281306127,96.39634499509386,874.028822863436,1
33,58.86390002919866,4.7487170071400895,61.566551467852584,867.3075096746405,0
77,75.32401195921769,9.040508194352817,30.703155290095406,248.11224848006265,1
26,23.58342241056355,0.35219804575407077,95.65883357827789,508.37331425987975,0
58,62.04999002799877,1.8066062154063434,39.534487943270506,929.7742638910044,0
59,63.96222429637416,3.3851449277014267,70.0542556530155,679.1499961674851,1
28,94.8540301128841,5.774961880651225,63.777167687321985,660.5191053207406,1
33,77.82761672964438,8.527361578939423,95.3381739558463,559.764600564366,1
76,84.8345269790006,3.5020195195657644,91.54566675498886,268.8315646932502,1
27,49.04199084362752,2.6798868250442007,15.652401578653091,978.4153715112589,0
36,18.534858697938283,0.6188916884289575,9.482901598212823,447.50964562218286,1
76,99.5815292959635,8.21303477698104,81.15459045208414,311.4500965529638,1
42,12.93557610386996,3.7966644320667897,90.58937811638548,728.5807096817771,0
76,47.14573193542654,5.715501954169343,49.80438678836705,607.7048132604675,0
35,6.809309924210661,9.835554181712205,69.38536610954372,342.2413082046126,1
45,94.38508573508196,0.015945706042945762,7.909039737663402,303.7915908570373,1
28,96.49249408484395,1.4545014069886597,22.760635387790717,214.50668516253236,1
55,71.93890620039735,7.791109940193555,15.788243271015393,78.48643674025946,1
26,34.99928436301689,8.051274852078379,60.51489777145336,625.7109065192587,1
37,25.438240111762433,7.692471190327554,20.556449482844606,505.6936381437552,0
27,26.53033245370474,5.369988910428293,6.924785239534212,234.84841075284612,1
40,12.729402542007474,9.78856981023056,30.918520990865062,55.12452558336267,0
45,52.58089530767229,3.9618455999532056,68.04403048228131,18.901068263763698,1
22,14.18172757014775,6.019436981131124,58.2085087019236,738.4959296651174,0
36,31.67306665534563,0.6336900454884831,33.74177158396895,188.25318915516996,1
76,62.67064759591049,4.098574499073387,83.51440870849427,266.6436193895066,0
70,72.75436095907499,7.22500087509922,28.35064169319687,14.11219378059636,1
65,2.4272704622061214,2.387388407706993,26.79421619820258,150.63905483217889,1
43,43.011598437673996,9.438275890731484,56.434793668169235,874.4457175624959,1
44,65.21245948421391,6.867833676432891,48.34334834473179,242.06083474245776,0
24,85.32459761585129,2.8757538285757143,45.15129339943571,953.958198483072,1
56,47.532478221208244,7.689989227058564,16.42277627645265,164.34683840013898,1
64,96.92058717176852,0.8316477180810911,50.95997297166612,253.26145865964435,0
69,26.563254754144726,9.747744225104565,26.64287281026898,867.7099684769925,1
43,1.350870662671888,0.4928525907355852,39.82580837928252,426.60833869182113,0
50,48.37528647017362,9.334558911487182,73.62347431939003,267.82893919360583,1
74,25.611379502001796,2.528538777482612,93.7494197303762,692.8137627201797,0
45,82.37176720231693,7.578241076908904,77.6124335537431,51.228403982239826,1
40,23.27726721811121,0.0007369943310608917,41.157755567703106,890.6051765785046,0
53,31.06292182913063,2.5424008917959973,59.710280793547625,841.5615453566596,1
57,79.12274310191123,7.491006066497199,74.90328377169469,85.79703513243587,1
77,71.514325202536,5.323360708973222,42.007883959493256,798.6187466244946,1
43,55.805123665726256,1.1495214963711486,36.66456772241781,961.1704418831956,0
47,70.49480619227595,3.936297458372753,14.389086299630463,492.0696191548934,1
49,41.86368635700265,3.7554935508454257,73.88981934611168,568.1533501260378,1
53,0.5310047614667801,5.681622441809498,84.01235048995485,679.7967402259275,0
71,1.1355128512192558,6.679770724602178,32.34185669196533,266.72694321601097,1
73,51.122178757368665,8.4083024241225,78.567268798611,649.6612589883748,1
75,8.329097971899923,4.972313969773726,61.41109277536176,474.8675001029421,1
71,5.107548016925678,3.920217173051701,78.62422159392115,405.5418046135782,0
42,96.55166391374733,1.439765340953817,41.72240093181677,902.8015595875048,0
74,85.90026396580586,8.048229649897223,75.01006000131106,797.9031099484839,0
27,15.202722720956952,7.1337040541456,41.442402671864976,934.6076282036271,1
61,0.06642185902044906,4.086773974546853,9.787040556525838,836.651824887106,1
69,94.16677953897565,5.1843230994266944,55.50731289535946,41.81060115330138,1
29,27.83252983201143,6.6518284441188875,45.97854391247592,606.5293910758234,1
74,18.58976028554975,1.648055898475378,26.03510883295614,697.6368815154709,0
20,69.15081078315353,0.2719779440792025,89.31922016171015,664.8574757163001,0
39,10.89037388413262,3.175036991866854,38.902477248064116,271.9564347583507,0
76,26.46495980028003,5.955850196361631,4.873485031795858,425.63035146499163,1
56,97.50946802120465,4.8660609128145875,38.831438280056446,39.02913808359587,0
37,63.94627744740102,6.925546268631271,43.0264709821366,94.09412769567327,1
40,52.067779148255354,8.196898055745352,86.30213459622183,560.5119006191838,0
73,39.791861483493776,4.884424667302759,80.1191376023993,582.4117644655802,1
68,77.4500954884202,1.3426702371782484,20.796692004884502,201.2292906236388,0
23,14.095747652369372,8.506279997989658,84.06389336992821,448.20272374154627,1
62,96.73378020369822,5.749903272741143,25.544795597112856,472.07725974866156,1
21,86.11230080657867,7.399374807828707,34.85148066826501,11.336777535180254,1
40,61.76569825692433,7.046646536082916,8.605026943771641,142.52078330249296,0
56,4.290619040255816,9.682117713312417,6.48027500030202,624.3000572826787,0
24,70.08556494477376,2.953073223358139,68.4051519603026,992.8201077976171,1
36,91.32843408854808,7.05306772779262,92.41076736765157,650.3917479374361,1
68,52.457706747862595,3.656763331259183,49.80866856954504,120.21666718785995,1
67,35.42248218272628,3.954107209186417,84.56527748389972,821.4402970991066,0
30,12.027734497946962,2.305946366587215,79.58137371957268,431.53772118158406,0
65,75.49011041375682,3.4401017565085388,66.80319361475159,83.70020921444421,1
60,88.50218512118062,9.482967516582631,97.84466418066008,599.8245833260225,1
50,10.025174407584858,2.9257084694760094,80.41660416676221,228.04609816491893,0
47,75.8984554752342,2.459906059565867,28.209595027211883,416.78174737952946,0
63,1.7060486259097507,5.831379784738219,79.11241037588968,318.2942498743513,1
51,96.70549180772196,2.5803595674175464,69.57350298210646,642.8539475072395,1
40,61.50580206350962,4.733857255942951,40.55252421699881,431.034672806622,0
26,55.243905899163316,8.34176256556237,8.602949552484388,103.98209321647644,1
29,29.59498335889278,2.3040031430717556,22.221593432191867,215.6755661320542,0
47,92.92916715697834,4.2669141218392,79.92655127269215,500.44527363806156,1
67,26.5905627336791,6.104897350200319,25.60004352546887,789.1842270707598,1
55,82.81466132166949,5.456289245734855,99.78794031931146,9.743265237635246,0
39,98.5108679337132,9.747232374152372,69.70482585886592,612.4272839894,0
32,78.33966455148058,6.8037025439519505,48.24502559104318,115.88175867566619,1
38,51.89899203864318,7.399462420484398,57.473232330980785,604.0494237681695,0
69,6.607426385167193,9.669559479667333,61.47639963060218,836.807635478249,0
30,47.241378917107305,4.1443802522852105,96.92553718322971,228.482966476935,0
54,43.82559469717036,3.553798150610512,17.01237826852043,495.51475247726773,1
53,20.279604118699524,0.4386242976638255,27.967184463414704,774.0529258445351,0
63,42.358763671430445,1.8420430651882713,71.24951374915312,175.57747925462064,1
23,35.77578840803387,2.3718963205167585,24.74594033121299,152.56114270196153,1
32,16.368426115164848,1.835044670713385,87.25841905800297,905.0458686392603,1
56,44.137414333248614,7.547838931965645,35.30688339015374,694.6466513738965,1
78,26.279995632448905,5.358829812761117,18.903100591666092,736.5733630422217,0
21,52.20624206822644,6.6763380145846725,5.714455324132029,843.9686276120402,0
69,3.516005971619418,8.204621608393737,59.96390899147705,539.4257808850114,1
20,90.62314197872841,2.307739412858947,82.70293676590062,488.40549919246376,0
59,81.63643055198561,3.2592393982149916,28.10551800373033,556.2573515833802,0
44,55.25813325105046,7.083602670365968,91.83640913962321,717.0179689321408,1
78,85.18085827572432,3.927589459044728,76.01569274168247,390.93730515226144,0
56,96.23950738108005,0.2927094010104414,7.068767567379688,95.16824671698387,0
55,11.052229405266056,4.3495521902687795,57.69066667080024,135.59688458288466,0
25,63.08318084098038,9.082730864154144,57.176653092201306,973.9029580424036,0
26,99.79940009356586,4.090215115928747,21.034858188662042,51.717662340782454,0
23,98.78891693335261,3.32248916442747,34.11989348790643,711.6193374491492,0
54,60.33229922907446,9.895250829450271,46.369610464792466,943.6815284210032,0
77,12.802087045081667,6.444155642370132,5.759704302504425,129.2595472405831,1
60,58.31928309905282,3.6599802647118085,15.8278645193029,722.2643778520782,0
53,0.20646355744217137,1.0201953136380737,17.236434521945313,302.4565979803107,0
48,19.89113346668596,7.8784944494642115,38.5443396911827,236.9650183111639,0
24,95.612315955996,7.080749334877576,74.98838840898146,852.6226082130754,0
46,33.04405726028439,9.219157992485648,83.29906225062864,909.3536915859838,0
52,63.83901057769486,2.172756300280083,17.12205555568685,347.05050939238015,0
76,28.085949463224267,1.1492434998823198,75.43869756467022,632.6475367092675,1
65,94.78218871115895,7.240725264090636,67.40028588042877,175.9376343344612,0
71,72.85587299494868,2.0339584199869565,89.17805179947396,789.7594364262527,1
29,32.96511575814126,1.7610383778949612,96.91033414057202,881.2398878757064,0
73,79.17614211803709,3.198073353960721,13.321600272184162,318.67235218152865,0
25,10.816552447633764,8.168251414784377,8.98671228066085,652.9669842474817,1
53,39.23189400654594,5.395366051096308,80.17328276624893,876.4176978914925,0
27,22.121812773159235,0.4585035510228097,17.054916435499983,15.37490624975646,0
50,68.37264472760462,4.638946746593172,20.262877901463483,855.735262079755,0
28,10.244628177193038,6.839796113664752,88.32155633005686,572.1143441720545,0
74,39.70258322826741,5.383684384690158,93.95752481314997,414.0153847751511,1
40,27.66497302091896,5.724502181565559,32.528653148374424,522.6158468487513,1
27,50.634291932380414,2.247773283926646,84.3746419433614,824.0620080619921,0
23,34.989768050387895,8.477393315953481,86.02683404680145,722.1295495500297,1
41,70.6410577667011,5.613987175911241,60.93365756970159,501.26485068224935,1
47,2.4577024306966067,7.132460130406766,57.04275635825135,487.652325937422,0
64,63.39869213059075,9.818642170133025,58.00800251531536,899.2577126953837,1
23,23.057128969382003,4.281986576745322,30.827629576629562,232.3422036036078,0
58,26.870902875684934,8.810666126765085,62.26783685496009,95.70169580913968,0
40,80.02556035835235,0.07281013941125014,25.114446839748435,678.6381186954319,1
27,95.55683939804209,0.334072926151201,18.585596717485267,702.2117122057643,0
39,31.65502100270866,5.90279921728817,41.88209498797663,568.3860268209586,0
51,82.68052703690756,3.1144939554220064,70.87226187545909,262.53654507815605,1
20,10.39908379712331,2.4827656701970024,62.52134104779496,295.95306040476635,0
25,63.39816530073832,2.779353572089586,96.52332585463054,617.043228861707,0
47,75.10322995349188,3.1840293461058753,64.99913522520652,272.9583423480324,1
63,15.597792803445653,7.289476961434229,14.990090929796123,499.6212124009408,1
50,42.60023876695605,5.691959722309445,16.960603115959287,332.07434988458704,0
29,89.27071642489815,7.890359725593335,10.21364686770538,510.4381761346494,1
39,10.357846344837219,8.301965798350519,19.926202734704287,229.3638996894345,1
27,1.809635820147515,8.42934859301282,60.19713916723298,198.06047831528318,1
41,59.058537904793376,4.146441491748876,83.99036102646672,733.9983398129095,0
57,43.553154053093344,4.2127339631641085,89.49289755467828,385.72753736040653,0
48,79.86892488839027,9.26265880140584,40.604344781819805,232.56619116471444,1
28,92.34555382041066,6.617635946044105,56.29971983013594,858.4204014821602,1
63,29.91536445438161,0.8046718397913877,81.11075962293053,401.70047652019633,0
66,38.84041171691053,5.421869540924683,31.894981598321742,115.87016526054772,1
20,48.627208632931485,3.5600725963490696,59.97123143943082,708.0479638455523,0
60,58.81514604352993,9.874349897163631,18.2341685943129,279.9719892417042,1
71,98.38538296816168,0.13655406462292574,48.177493711291376,565.2422453590414,0
58,69.73302508300515,6.12180873070558,18.134153775983368,623.6930402621592,1
45,38.95485073455688,7.236230943988581,46.780212639615414,962.5743710919205,0
30,26.376768645046212,2.889067713573552,40.28514948499038,191.1012006151671,0
71,94.46257184221241,9.73641518256532,43.89321752654884,284.1720572703383,0
54,13.55484331085064,8.595366270217113,25.127510384545282,932.2198320783206,1
79,72.0265852504758,9.156528409858124,14.468290895472107,718.2929063140008,1
43,92.53950252924406,0.1923205935154848,28.290867464068675,449.33099697521214,1
52,66.46655865344387,5.698721513148089,24.718423885147004,734.7733972292893,1
39,42.305444016612114,2.946502419545467,73.69532405586052,413.3851232096328,1
46,19.8990939925484,8.49028634935663,71.98053222517306,410.0515213789782,0
34,36.74753222519273,6.328496569149625,58.86381638266297,156.41675422411382,0
52,70.6871809420122,5.388770043211098,10.042046018708742,522.0482465927828,1
71,64.95342241752968,1.145881696756057,57.05992357372326,262.66441418502785,0
26,92.7976166598358,5.402228047861907,8.84446556811918,633.5934359532995,1
53,86.68609136593749,6.319041463564266,2.7991289083475444,398.6061828393646,1
64,81.61507522663683,9.559123093102045,35.90701539862792,853.7210327292984,0
79,91.14508753507623,5.850510104238696,24.81394698732604,771.3625911305236,0
77,27.63371527370494,9.674006017456545,59.87012046187122,147.93323319355912,0
70,36.95235401396495,9.616061156066621,92.93560631889176,591.0919631856151,1
65,37.98939037860174,6.502003358335974,72.26535074934802,713.7406204838045,1
61,56.045058870978025,5.059079841180887,76.96872533512771,514.4409116098255,1
24,66.8218229542771,4.660217438260493,95.13841792669164,113.94728199082904,1
77,28.671668304039432,8.903785611157826,63.775017008760194,503.24739412393546,1
49,1.9462467309300346,0.28256682971756764,58.19536319957274,432.8989896562977,0
47,39.92223836579093,1.1380819802357156,60.58492961931814,325.7544359864233,1
37,30.852795955440047,1.0207172911915185,86.71472040017912,582.5355715461468,1
55,94.21847190180479,7.569353251210548,39.42180448549152,324.87233298764096,1
22,88.82650405440435,3.3965102385253476,79.73828631341239,235.55668700529054,0
40,86.03106783434195,6.3796854474070095,65.57343656273898,735.901275384381,0
65,65.2999760945243,6.037829038425656,31.15258352741438,213.37102138254227,1
77,34.42891646989389,3.858279697425316,2.3551526874250763,805.2882554318364,0
35,54.88492673993047,5.315677222423986,21.782079018605078,979.16100621838,0
75,81.52250407163727,6.4513853357166004,70.29888769805925,441.23871645315927,1
56,9.861036872281105,9.409503298781383,58.389340664778246,812.3923859918668,1
61,80.10748802553047,5.756340728609814,28.18487528220832,168.36772838981872,1
24,4.117979132812167,6.143675117683143,43.99594466870137,797.3035022008037,0
69,81.64210312143557,0.6785581770377547,66.4537277925599,962.4671585337337,0
70,80.75638041598735,9.52215814760112,13.5815279084998,517.023394169903,0
33,5.100730882875581,5.280819279093862,43.79567850427043,255.71980420793938,0
50,62.716071146185826,8.012734198599219,42.245797283215964,160.8262682766265,0
65,50.24530743128972,0.5029106314738907,54.71750099190382,916.6268292838645,0
43,16.981950317171467,4.20910135737091,52.66945434163101,324.5725386866942,1
54,14.837893767737565,2.569754591527016,37.40494182171711,497.00373088306594,1
55,77.32591260670232,2.6697589868858995,76.51062925244207,433.43155117184585,0
29,56.7692748836844,7.914537299609295,7.655674959130163,435.21552045635724,1
46,98.29991349165324,6.238667252688535,4.518308780900259,765.2582604512472,1
75,98.22477772883441,4.39745311842848,42.605674620239164,935.1583193150276,1
46,99.26669934642663,0.10585739586393417,89.77273076691061,636.774677228067,1
74,11.86155183657659,9.649279429455298,28.479365702437246,957.1382224472131,0
42,93.82561369639623,9.620232533557239,18.05862314506766,190.44466860803377,1
32,24.45696090205628,2.1755221028003846,92.89263103860824,563.9372766283967,1
35,45.8212259758612,0.4134637231655669,17.654102203674455,685.506985378391,1
54,75.7406555821726,5.301993630119021,38.109213134639035,714.9763296261567,0
46,20.3620932077232,9.514108146164075,73.17253552331272,755.8474510997048,0
71,56.63116055543299,9.10395845764935,26.831476839282576,333.15010163416457,1
58,18.58167482259957,5.846628638893966,23.755103251574447,882.1945795025889,1
66,10.473610668129329,3.035488506537072,40.36905615922386,131.7055624519009,1
36,11.655861242959853,3.2996088376919595,78.9491166450857,278.53571434901215,1
67,35.76390348482188,8.979135514860277,91.18735196308813,468.71400057662515,1
78,0.4654836837183485,4.91784035635577,4.097960263067604,591.9980925878519,1
60,42.48539212016895,1.3111622896714559,17.345704609820107,295.28418164291645,0
20,66.4197105081149,2.484254759736073,95.90152762554385,907.8256449513591,1
30,40.16881850039887,2.7679490146749908,59.686337863347866,451.84683151759066,0
31,8.579460051983512,1.2354668493190935,55.58961664622815,100.3373341156848,1
33,6.268886202364055,4.630443815212914,81.54082424911547,819.0517657862706,1
27,27.81165127648617,9.160509082749911,4.9385465048160375,965.4538957507879,1
50,16.931269054360076,6.68782542992261,2.3697888661245075,346.3276500858449,1
26,96.50949732179694,0.7247392424885613,96.78191092045759,554.6435845852176,0
65,15.1230224974085,0.05494817809162722,83.02849787169544,583.0706027877518,1
73,80.54624374049966,2.762476674692543,74.9907963742686,801.6209188013812,0
50,58.610794174114474,3.626929347939404,16.414376244341803,151.83827386157546,0
35,56.928691998429436,7.767496690467758,48.183788381282746,841.254064030045,1
61,51.20807159237846,9.670055239303666,93.7920603180189,721.6095012513192,0
58,97.1763076113951,3.8756717342354365,93.42635996677151,34.92009594121803,0
73,36.38447750916378,6.866900298168611,1.9154635909733508,566.9151712722334,0
63,78.79157509538763,9.949019073529632,75.49664949160959,28.033767108961992,0
38,55.52941074669596,7.456665838750144,1.6175388782243265,496.4399473360398,1
27,39.56336676257261,6.361895490858444,98.4458710393851,599.4131178177925,0
48,95.54659333057809,0.7807485417830429,42.27975299757415,634.8797056291805,1
21,59.83159693646871,3.2321520119473024,97.37835704002987,926.8786686877112,1
61,11.891694214601356,9.133921584571569,37.40693409403311,297.05701886078384,0
22,41.75392009968566,2.010054816809057,30.02554176676872,844.5658597384956,0
70,78.15817276816077,8.435903592732082,32.31290441962588,452.22121337041466,0
48,69.37470232392138,6.963236850805055,73.33722759722042,666.9398595884487,1
34,91.63403298365742,3.6632437083075464,20.7676105590895,807.9434229226331,0
57,25.937738414152022,5.2917426971265655,86.54171148747241,724.0411659088121,1
47,75.81937163538238,5.428064687528136,59.466696669047494,795.5005888889377,1
74,45.987520739452094,7.140537850738863,97.0211915689777,636.0695072072,1
56,57.360974696681545,5.165559410991961,98.72140544512871,800.7806089049284,1
51,95.5046681006283,1.3307599018416627,19.33301812891239,909.0134767736376,0
49,97.92863199891774,7.7345467152191265,95.62242330402576,904.4188415515816,1
70,86.15909639255635,4.062724969061188,5.607310151539184,327.88821950417423,1
66,35.90970877302963,9.630938902119272,3.7585086881874616,971.9728273552545,1
49,88.77008357273198,2.835137822930344,94.44259315552664,57.6669963120644,0
70,63.8609177641413,2.630787802965846,96.27727700754934,616.4026934321673,0
53,42.99967804707131,3.335073956751826,15.57751959452698,495.2245577019206,1
32,3.5742682500483736,5.723170159586255,44.79916572351081,230.476070159513,1
52,77.01281241915822,8.948697402009824,49.915160270830064,535.1480485798903,1
61,50.2105580724113,1.762816401400148,86.16784241531214,65.95465970008941,1
36,78.61884994650607,2.796787975992202,63.16380707642074,553.7141575902743,1
22,74.80227993432699,5.8167984314786185,77.68207599595993,854.4654418738471,1
28,79.3567368048352,4.543342421615151,49.024587697697804,140.97241256290084,0
71,30.065115869676685,4.473228872557254,65.192956521941,325.35218674087173,0
30,80.07985990676309,8.207342620964065,73.80552664256001,631.1232710517997,1
68,54.88463284661673,9.238783025113612,74.05024710781284,359.30127868712947,1
46,47.33262004491432,4.813069660698819,1.1720448516825657,415.00302714768236,0
47,67.5125913820757,6.873517954472738,10.890899299276,338.4508981600203,1
76,2.1358682938348306,8.010587110273939,37.002383669337185,482.6698956039609,1
76,10.231681588759422,5.183664103871639,7.058547263250638,373.1959537273051,1
21,29.2177365167522,2.9431640895373534,38.915980534403985,144.24832324587533,1
20,98.29901099578396,6.380845977222838,39.56711799874703,198.81279619867408,1
25,13.9745778864955,5.851091003060592,92.10312019049623,79.24659002326263,1
44,33.059630075921035,9.015628197396104,57.1401136345744,467.6570677191002,0
54,5.105306469192361,0.5240703676985603,70.92877677283217,845.4039345087339,1
35,33.12688802927263,9.101313871334668,88.83266952653662,90.55108338518903,1
23,32.03262865108316,5.344320281653596,44.77080274428241,658.7254975151682,0
66,94.68071709445222,0.15676116049913924,1.1942523151408375,420.2231604535025,1
57,84.51540869957203,3.4470217876778806,29.24826643791596,871.381021594737,0
63,38.27642192427715,7.243335638753198,81.6017113037112,363.3135458307191,0
39,2.476905803924867,4.8843308793583295,90.28227581020741,694.4433887319533,1
44,83.10311139953782,9.801590374409924,35.799448530703884,399.11222653602897,1
26,66.05361771445402,4.226100738310485,30.10513404492579,541.9484409878163,1
40,15.236448365130972,3.2663522962600777,92.5260158958046,774.9456414423113,0
26,99.60712710101872,8.216719344295681,35.75629986229522,967.8570834494661,1
48,10.023343742412305,5.479066993580314,65.57227361958917,134.88744756620684,0
71,86.71145415936628,6.823265790625589,28.750614270005773,529.0970608690453,1
26,29.426616412968897,8.057023380386775,10.693961080283408,132.26864238439728,1
22,43.535346632515704,6.714275461256203,50.622394866815334,30.50372014237879,1
48,79.54565267763147,4.2240749476866455,92.39995187469859,747.9506202532099,1
48,67.75083559940103,1.2479644789430067,62.2454346388032,983.2713188441309,0
58,93.78643744440392,5.802481665713005,21.673835853589704,595.4032831362802,1
57,62.114032546038324,8.974333267292597,68.5605277633937,72.43264500451608,1
79,9.781016147905275,4.188924265184149,77.06775326566563,61.72797891165705,0
25,88.43603632419503,9.107252348428405,32.75529562958093,314.54736366780935,1
65,76.91555249885911,5.03527819782402,56.36173074167282,380.8840604283622,1
29,71.1870450893322,6.208415624424766,68.51336001526492,3.866484241020429,0
56,5.373354735373537,8.329884760556428,16.87496139266833,842.682903132499,1
74,39.6222744661744,5.645971096407215,96.44599303747378,468.5797663827802,1
33,16.743581945953924,0.909693392955635,45.67394418353435,995.7076820805172,0
41,82.1903908407869,9.809794008003951,97.98677465673457,884.1469350947452,0
79,70.05286228178628,2.458493019128337,19.767812718605015,500.7763078118548,1
51,88.30775973191352,7.1050532863019855,48.8935810846548,627.0581276779179,0
37,96.6575106924164,5.051134386177387,17.419511713907934,314.5519992520861,0
55,77.47476141924986,4.787726368177081,2.0079014160099304,303.35610441348615,0
65,99.42330832207621,2.4394081886689145,24.54964208494507,130.20496221070255,0
71,61.476988614429885,7.221507657001041,40.915546369740255,545.4002163552302,1
78,3.7129603891447815,1.1278826483098725,43.68194303469934,81.67126508348676,1
28,1.425151515029588,9.904533093614852,88.76401035531626,446.85965922843883,1
45,34.21038752037887,8.453735371072039,63.932049124203346,321.72441992697685,1
41,82.34717190675372,5.345089400057921,44.00972386663449,790.5333354077369,0
65,86.6134706324731,4.245529560580095,98.81177226137146,381.44561378471855,1
57,96.08125288226779,2.8646463245986764,61.80820883104188,901.4953018499317,0
42,6.5121468548818395,5.015914709407675,32.943633533512184,189.53043009076097,1
36,4.457111098766409,8.79417462024168,69.43977723986868,930.54657416206,1
45,91.32835963670337,2.750064007006836,50.07429234561751,593.2866446040554,1
66,30.50466983628616,5.005374588031359,88.23560171274904,120.24160222586467,0
75,55.79874006096327,2.3454990206703084,89.7546149442688,502.15017049994094,1
57,98.24448830007098,3.3714911366495146,37.36768961199579,267.9181873907608,1
21,40.04485347359233,1.9026050892333246,56.67156603515427,749.0364969626329,0
25,66.58713983098399,9.905391939211878,27.311570960584238,651.3094388112956,1
26,40.08795636319853,5.7149744646245555,63.037038422512445,62.736511317912694,0
32,76.81946644627797,7.328151240366955,99.2423492696478,417.5462198682908,1
46,52.77147255728658,0.9824991345203671,83.42626326439621,887.136203107771,0
30,23.752313798634972,3.661175500743158,37.274580129979704,407.82699264407694,0
79,27.130610125846623,8.926398030473216,10.442654847355756,743.6305616542056,1
74,25.805921253840726,0.8443832642394788,96.7015167499779,113.38257123155238,0
34,53.23203282585608,1.6548322833961315,39.5688930890943,866.9166269037822,0
28,70.31890160156642,6.254176103511686,30.0447084334147,502.43176338502127,1
27,94.92799000431421,6.2278899410422515,32.31720389765119,947.5721682300841,1
65,69.40873750829799,8.382270444539296,49.50241329724582,537.3211719029536,0
25,78.11928439623907,9.354927638714214,95.71838847615106,769.2256838949744,1
67,16.892611586456564,1.4198647542526377,98.67560981201565,972.113895924215,0
79,37.406262500732566,2.593738185269995,30.31654600788716,729.3470099299623,1
62,41.37802198582661,4.274614056932559,35.79540206700102,577.273336360849,1
23,68.6380230000473,0.009032855212496305,51.66884944653766,366.7081396093276,1
30,29.58919763768736,0.6981430295969493,1.8105415743438584,42.52508752590867,0
70,30.329192141966608,2.264912779410216,18.308819761166802,432.54570915798007,1
77,35.58891546408681,4.811019640158118,93.66984302997584,412.48045793044884,0
47,81.03020815432322,2.5152273816861284,3.9140884690747586,823.0622576375538,0
45,57.75900900433487,8.766818922230481,10.996651692333835,189.25270619796942,0
23,7.527727983273447,3.242728755420111,42.64405468633816,742.6448519538485,0
34,7.824609969046881,9.246228121426286,73.41357466674219,37.56361288874122,1
38,37.12869442824993,9.7478726073471,27.618944808644503,886.3653280941995,1
25,76.65910506061583,4.498615339075788,31.290593464835204,667.9425961129915,0
78,68.86834264786805,2.2712881689932365,31.241825032314285,422.4437872706094,1
24,70.79823546511867,2.916661334230033,87.38759074860704,265.50772213402007,1
37,76.7210066054097,7.763336816594462,23.383663016514376,184.40104009534443,1
25,28.715271288632938,2.7334970779259105,56.67778077530584,585.645135679011,1
50,54.8256281942088,3.805828679202846,99.9931835548628,410.2386749667679,0
44,54.33526403167696,4.785758584818498,73.11808399440879,743.0228925332476,1
23,73.96325011799493,5.751111164699841,34.29871487439567,906.7745514875638,1
25,95.68705691056464,9.961004403012382,76.78043806290854,295.65154605240554,1
60,27.79899447954659,2.322097551635923,95.43765503117528,649.900357203331,0
56,79.32816727570481,3.5342370324816885,37.98024290810585,422.72219249009066,0
78,65.99705485232624,2.62891177010511,71.09311276686373,42.73899302080575,0
69,58.02378708634601,3.611134366437103,8.504622048819526,615.4326729856577,1
75,77.48797793474019,1.0080451689462055,89.63438683866003,363.70256582690297,0
44,94.40324664280993,3.598097672410472,10.52941573780689,13.726045326379776,0
53,3.669141786941299,8.878650314643885,37.91958452989787,472.27998106520255,1
38,14.740010251322067,2.9858984784644904,54.70807844336133,91.66890087206325,1
53,75.62872315011158,3.7193477984906886,27.094186602571668,628.1696577304558,1
34,8.379135291008454,9.444741644379347,65.27766327273058,526.4963654092994,1
69,51.61237007410931,7.283789963268682,55.88844401184873,500.3487431628697,0
27,21.986077664160696,5.167387148180484,72.0013387895125,936.879208489301,0
73,27.42957038427515,7.771927284034406,36.059797147093924,880.4273787161917,1
63,70.18404829444162,1.2317964885450394,55.05537507561466,713.9339666114515,0
66,3.0192773268711615,4.644903532208423,81.40635461794167,577.540710721839,0
68,87.33194279019037,1.182361287358663,81.25893825414411,252.3693137024965,1
72,44.447895535227,2.3361814501958,71.70975751033627,8.162767446609266,1
53,50.23932939071011,1.418672597402586,54.65165307188296,119.63474024441834,0
37,54.00479636936919,3.6180123916913933,67.65284897667503,320.294229962523,0
49,64.5544294579494,3.8163932039592585,9.601148721093027,196.72784590885374,1
32,34.48565866227481,9.47308581833241,47.660402870362525,570.0038224788883,1
74,10.110749056349134,2.6412573118752922,86.15420653016025,534.9498174948405,1
66,31.837893666617656,4.724288453165169,61.12911735093759,389.791444940793,0
74,16.81421180228203,8.113794039634868,94.2266274766839,800.5445255305743,0
52,55.61331794504739,8.156175864366617,26.95567360811401,731.1571458516332,0
54,31.802863096038646,7.5034318703502025,10.533878408966768,687.8828659239009,1
71,95.80671779934349,2.8783376214007292,63.03473012478477,502.6752474435031,1
43,96.57342779802806,4.94971619411357,10.001667052217659,43.44522942366113,0
45,62.01258805682415,1.8621159518672326,78.43140097901717,428.02772907525247,0
66,61.7497267667286,1.8839952278280425,26.417498406756668,499.1818345516955,1
70,98.5378564567106,4.358412131383109,54.336433985922,447.84759633650515,0
63,88.7283151235186,7.385922212429411,81.32632698985964,4.474626711733043,0
72,76.50699491581399,5.265842599978379,79.0155015013297,652.4288587852523,0
61,31.35906117427012,8.866832208474523,50.10152768084165,257.3927753308383,0
66,36.55390281180764,8.309087977775759,97.6087949182318,44.65882435944513,0
20,20.126676576086545,0.3160544282040556,50.26568255199322,503.4686093793187,0
32,48.714812691737464,5.68419042866216,28.60035025241449,920.5473826612222,0
74,99.03685221395796,6.091612643556431,30.940693210616992,29.44028336602822,0
29,91.21509530115888,9.615751443000814,74.62062966384974,13.741593071443292,1
38,11.834943401946907,0.2323662670886173,44.27359685016877,587.7480868627315,1
24,2.519028929050615,5.311037709686289,42.46005999376354,542.9862373083882,0
27,89.86376684082661,2.047813619358524,3.0281729317235113,15.706348512828594,1
23,53.71701279487075,0.536629062915891,31.222537881683877,103.06875067440214,0
68,20.018988820845617,5.874885247317233,86.17792490431907,836.3946422946935,1
32,67.36532695846353,7.726041436328025,80.54694532448754,452.63844649673933,1
57,64.422317792982,7.7486544922518785,74.90457513828335,124.38726664102684,1
72,12.208560683646718,0.30288410155906775,3.289710280896273,155.9204841607894,0
65,25.96002334976195,4.069464002715893,3.672038851737625,611.4227359945645,0
68,6.007796431325795,0.445096271486205,31.835030979697375,328.665994778778,0
65,20.986047387014196,2.478386469907697,47.970873949595195,25.705232049547778,1
38,13.230567485306288,1.9288070275794833,91.0643855306407,636.0184962179287,1
71,19.32362924745561,2.1518257924215725,39.078351784548396,32.35292605293905,1
69,68.5467145913117,3.3911841403452856,29.56397528342638,110.2799484928889,0
27,4.949974426106774,2.7741804183599825,57.54414386216655,158.76824849159766,0
46,10.185461524821648,9.622799113275983,91.55473565541976,143.27791148182035,0
69,13.417363807828764,3.5240712000938212,74.12523243476275,761.562946342432,1
66,31.654112095813403,8.941725152929719,85.80996191595175,93.4454558835478,1
49,29.87503108519409,1.810416715209251,19.03756684738026,148.6415913275414,1
23,25.50637853166394,7.637468671882143,13.440780086065446,447.0155689846399,1
30,75.05366534324163,0.6134553602464277,54.8630422352004,140.08369087914852,0
40,99.80227877581007,4.627612294693413,70.03971174600774,746.936027517557,1
62,53.397792362879585,0.055104402355259374,95.54381676809065,487.74585066948794,1
21,94.4202717913942,8.10290763069436,37.78190643719141,879.6433962401479,0
75,39.66101121260647,9.504860360377839,35.309128368165965,38.11587523794735,0
40,10.668244680271343,0.35107370827145656,52.06957549225688,855.1983882808056,1
36,40.87738294698373,9.338463614733145,68.80885573396418,153.81095449142867,1
62,29.612777341469332,7.73853891491353,57.03635393441501,925.6347358855043,1
70,49.340696228917814,3.5886157879279534,72.58003863992701,326.0411094752952,0
48,65.70436769164232,9.088765512228052,38.651178774136554,510.78303819445637,0
46,46.10502191524082,2.9625727125090098,86.35756538833893,23.69407638066834,1
43,93.51605120778255,4.09295312234762,19.114583764812018,729.1389103622585,0
72,88.47648222993799,0.9671126219202164,32.27455964000447,213.77128542486201,1
68,70.19775951661971,6.56938961900144,77.59408871326143,916.6167425100258,1
22,48.968491236454916,0.2960082874227188,34.23155314396018,661.7870457098052,1
58,13.168728181445688,4.849052751990373,67.14730563463151,283.61914553097165,1
29,39.70136667776334,6.831918502525339,29.49196331802311,260.90858922865067,0
22,70.44015394011737,8.21237600949111,19.523329900895984,170.47921327901827,0
72,28.488552055373116,1.4994138962166215,30.772523831362218,801.8705034394569,0
64,10.398807754342043,7.540903662487174,88.81233640675012,438.47674899463664,1
61,90.78984575106281,7.190770235550295,46.627429740479485,276.94561143975125,0
45,70.90508098155446,5.595705341197842,23.31610022008462,952.8195121200645,1
73,61.52764266350972,5.84644597787864,32.82242032733936,802.240832233182,1
56,79.24989056089166,0.9127072085677812,1.2743247059425122,586.3030105015549,1
46,83.56460375834757,6.004710432403803,75.82502048794584,802.4486556923615,0
24,48.345899817102335,3.815222070708323,23.342067790847388,120.12674395756761,0
61,88.118825140944,8.67580851341647,60.19418298677974,672.1637765313696,1
30,91.64190107011055,3.130988817359902,3.4858442795371687,324.15157494616784,1
32,27.15510954247814,5.765950773635247,83.61534476537823,687.5089728299585,1
60,60.75453597907943,4.265713997011944,19.55703060999916,961.6571294304682,1
53,52.658402882046914,8.76261938250313,1.4720693986627271,780.3595907073238,1
57,53.794577915190246,2.53916666989189,30.817593028177132,565.558837248964,1
59,93.76630939645621,0.7880236030946042,92.12822476488991,745.5332082200742,0
52,30.5188702693029,7.486557209831396,26.998807586418945,468.3316669173232,0
78,98.34339782345762,4.128966169083215,50.84440497367323,279.9451786506609,0
53,90.21312148042321,5.8909835912629145,41.315754591412734,40.63403997170012,1
46,45.87228886135026,0.26389331713351116,30.130676574876585,677.2030452593734,1
55,81.74532636181662,9.521097913974021,92.80800428155551,142.5914346111581,0
45,76.90469943201406,8.776183773849764,79.11049589731894,459.3479608442493,1
70,67.78949696185212,6.238679005772775,76.42941822201186,666.7545429094478,0
44,31.98338893831543,0.17029842112618043,53.084605323642734,891.2940059690603,0
38,19.645099182095393,3.779764739828766,82.66130569925389,609.3636372547342,1
40,67.15276967657582,9.78796537742149,46.38443716291411,217.72467938308247,0
50,84.29732964010842,6.813303587402347,47.05376549668401,474.0556558658486,1
48,1.6252788677369678,1.6098786131341913,49.88363227793291,667.6200688843181,0
28,64.2803375308512,4.605967486545007,24.454112297232523,195.31752237312884,1
38,44.28730246222125,9.66737743843486,92.441534079312,732.1717956305756,0
45,89.80877551269836,5.3470817441659335,26.61631681297637,763.8242372709221,1
44,32.14729308542053,0.24614528029824556,20.617790494007036,522.5293579175383,1
59,47.418481226362175,6.197720842759777,25.13142753982694,858.8012394980442,1
62,51.47671040351863,2.7121653093115983,81.91785954002796,224.73983809083074,0
79,14.043952137105297,0.9884595187690437,77.0860181299598,537.7374935872099,0
48,71.28923026989064,4.0290844473189305,43.28357403715075,894.1641837625621,0
44,83.04763451209595,5.585230974322448,2.364408557833668,704.1515108727725,0
38,5.790927689626024,0.17040718047802716,97.59776829183768,806.8743135696138,0
23,29.138882053690274,5.590468086359475,14.120566771545972,222.0930223168458,0
64,3.804468153505791,5.112031468396374,85.2908449826317,572.7805812768629,1
39,95.65441046882424,7.939083830987601,78.3905855764445,324.04271547176234,1
65,66.71688207038235,4.235498168153971,93.86950238942514,658.9164331843178,0
74,96.42004194547815,5.534504296698862,77.56645536944359,522.6096468822,1
20,53.14942783313078,7.420093040571263,33.80578749187583,625.4888050590407,1
30,80.20685238956139,8.971458717819456,23.959490298002773,617.6700243373133,1
23,37.441398387974004,3.8003457602368753,38.39139122023507,736.4358207481378,0
26,35.38190325726409,6.016334957831465,21.105629881150783,798.8822867835662,1
47,37.826781710513266,6.946109034163817,72.23790002675013,61.87776845845316,1
55,65.78621337264282,0.43270676442196176,82.82534461691694,948.3768496816915,0
77,35.94531510216522,8.007605084861348,64.99745034732756,406.4449124008854,1
26,90.03674516042256,3.7743018521539384,19.423180399601108,170.0970121859906,1
39,98.32748650501553,6.702389414436098,4.701086391835926,921.9801187179108,1
54,3.042651533700591,4.716640662049491,58.45972541883948,783.9914153748908,0
70,19.362329040249648,7.0233914269170725,46.804637402881745,420.353809437209,1
70,11.224999258738599,7.243309792357789,20.770688891704204,599.9145144686871,0
58,4.236404709144326,1.9157101348646732,37.44030631980882,226.197261451772,1
40,22.774099334728646,6.621742342864505,54.60515930528637,413.1303277190288,0
63,44.679332036908114,8.513234378820872,63.658794115381376,400.9399651127772,0
74,83.69903652886838,2.3556720050497484,48.18773397673901,754.040439417072,0
20,22.18240305099961,7.581834698938779,97.16788935180539,431.7229954617603,0
56,49.394525566220125,6.338251131552236,5.576413646614746,754.8712885119568,0
65,92.96187394467545,9.551260344725637,66.16258338966294,790.0794282391057,1
61,66.72147067866749,2.602465772917608,91.04623227699474,385.61986161065096,0
22,79.80790197559975,1.5427777765800355,24.419856900209275,440.06333135797314,1
53,55.09939701854862,3.1212101528169987,22.15701161884463,520.7159938186551,0
32,98.046645884063,2.579587781979187,76.46104794077563,3.510696044525141,0
35,58.86621546814742,7.568327604735129,49.15100561641836,195.05500018472054,0
74,4.551071396259154,7.331093038467983,99.22557316309032,847.1371472082502,0
53,19.798279993979484,6.696849008553338,59.32323842867951,760.94030253111,1
43,40.4773628957148,2.163791144584878,92.42075141531129,77.15158047521508,0
32,60.12771725737763,8.618068074390896,2.2088414466787682,634.8976650794832,1
25,77.19308674089599,9.565715558589277,16.299422427094807,20.735353158175982,1
58,41.30861259038863,5.316058181086445,68.75748543040737,534.203669127917,0
21,71.00583050156887,6.4937273062938585,42.23017061984716,161.48162818349877,1
30,78.98695031091249,5.0069209902056215,83.76049237346905,853.4523470310465,0
26,31.726019724998277,2.8355771510260386,43.4609111630953,614.8152219392081,1
26,97.92702400358185,2.861476039966042,71.58667293914358,63.982262186486615,0
58,64.96564952358355,3.1342052273491317,57.04984168631236,641.2538606417006,1
58,88.09980607861311,1.9085000416415399,12.870453165533661,892.1982110925353,1
31,55.59376888086067,9.019236326293177,72.0771694639962,733.7064022325901,0
70,74.16031071523237,8.583981340466858,70.9308083334221,115.20230767278927,0
41,77.05440616163654,4.616393613188368,12.456096970108257,665.0932640952021,1
70,90.8248379234579,3.6725141256017046,56.62923432296517,610.7026804586011,0
70,15.034975687137031,9.390783565470986,34.22935173732312,631.3518640485369,0
